{
  "failures": 0,
  "overall": {
    "macro_f1": 0.41852991452991456,
    "macro_accuracy": 0.9194805194805195
  },
  "per_label": {
    "C1": {
      "precision": 0.8421052631578947,
      "recall": 0.8648648648648649,
      "f1": 0.8533333333333334,
      "accuracy": 0.8571428571428571,
      "tp": 32,
      "fp": 6,
      "tn": 34,
      "fn": 5
    },
    "C2": {
      "precision": 0.7368421052631579,
      "recall": 0.8235294117647058,
      "f1": 0.7777777777777778,
      "accuracy": 0.8961038961038961,
      "tp": 14,
      "fp": 5,
      "tn": 55,
      "fn": 3
    },
    "C3": {
      "precision": 0.5,
      "recall": 0.42857142857142855,
      "f1": 0.4615384615384615,
      "accuracy": 0.9090909090909091,
      "tp": 3,
      "fp": 3,
      "tn": 67,
      "fn": 4
    },
    "C4": {
      "precision": 0.0,
      "recall": 0.0,
      "f1": 0.0,
      "accuracy": 0.948051948051948,
      "tp": 0,
      "fp": 0,
      "tn": 73,
      "fn": 4
    },
    "C6": {
      "precision": 0.0,
      "recall": 0.0,
      "f1": 0.0,
      "accuracy": 0.987012987012987,
      "tp": 0,
      "fp": 1,
      "tn": 76,
      "fn": 0
    }
  }
}