{
  "failures": 0,
  "overall": {
    "macro_f1": 0.4495238095238096,
    "macro_accuracy": 0.9090909090909092
  },
  "per_label": {
    "C1": {
      "precision": 0.8181818181818182,
      "recall": 0.7297297297297297,
      "f1": 0.7714285714285715,
      "accuracy": 0.7922077922077922,
      "tp": 27,
      "fp": 6,
      "tn": 34,
      "fn": 10
    },
    "C2": {
      "precision": 0.64,
      "recall": 0.9411764705882353,
      "f1": 0.7619047619047621,
      "accuracy": 0.8701298701298701,
      "tp": 16,
      "fp": 9,
      "tn": 51,
      "fn": 1
    },
    "C3": {
      "precision": 0.7142857142857143,
      "recall": 0.7142857142857143,
      "f1": 0.7142857142857143,
      "accuracy": 0.948051948051948,
      "tp": 5,
      "fp": 2,
      "tn": 68,
      "fn": 2
    },
    "C4": {
      "precision": 0.0,
      "recall": 0.0,
      "f1": 0.0,
      "accuracy": 0.948051948051948,
      "tp": 0,
      "fp": 0,
      "tn": 73,
      "fn": 4
    },
    "C6": {
      "precision": 0.0,
      "recall": 0.0,
      "f1": 0.0,
      "accuracy": 0.987012987012987,
      "tp": 0,
      "fp": 1,
      "tn": 76,
      "fn": 0
    }
  }
}