{
  "failures": 1,
  "overall": {
    "macro_f1": 0.509419316315868,
    "macro_accuracy": 0.9012987012987013
  },
  "per_label": {
    "C1": {
      "precision": 0.8571428571428571,
      "recall": 0.4864864864864865,
      "f1": 0.6206896551724138,
      "accuracy": 0.7142857142857143,
      "tp": 18,
      "fp": 3,
      "tn": 37,
      "fn": 19
    },
    "C2": {
      "precision": 0.9090909090909091,
      "recall": 0.5882352941176471,
      "f1": 0.7142857142857143,
      "accuracy": 0.8961038961038961,
      "tp": 10,
      "fp": 1,
      "tn": 59,
      "fn": 7
    },
    "C3": {
      "precision": 0.75,
      "recall": 0.42857142857142855,
      "f1": 0.5454545454545454,
      "accuracy": 0.935064935064935,
      "tp": 3,
      "fp": 1,
      "tn": 69,
      "fn": 4
    },
    "C4": {
      "precision": 0.6,
      "recall": 0.75,
      "f1": 0.6666666666666665,
      "accuracy": 0.961038961038961,
      "tp": 3,
      "fp": 2,
      "tn": 71,
      "fn": 1
    },
    "C6": {
      "precision": 0.0,
      "recall": 0.0,
      "f1": 0.0,
      "accuracy": 1.0,
      "tp": 0,
      "fp": 0,
      "tn": 77,
      "fn": 0
    }
  }
}