{
  "failures": 0,
  "metrics": {
    "precision": 0.7894736842105263,
    "recall": 0.8108108108108109,
    "f1": 0.8,
    "accuracy": 0.8051948051948052,
    "tp": 30,
    "fp": 8,
    "tn": 32,
    "fn": 7
  }
}