{
  "failures": 9,
  "overall": {
    "macro_f1": 0.042105263157894736,
    "macro_accuracy": 0.8233766233766234
  },
  "per_label": {
    "C1": {
      "precision": 0.0,
      "recall": 0.0,
      "f1": 0.0,
      "accuracy": 0.5064935064935064,
      "tp": 0,
      "fp": 1,
      "tn": 39,
      "fn": 37
    },
    "C2": {
      "precision": 1.0,
      "recall": 0.11764705882352941,
      "f1": 0.21052631578947367,
      "accuracy": 0.8051948051948052,
      "tp": 2,
      "fp": 0,
      "tn": 60,
      "fn": 15
    },
    "C3": {
      "precision": 0.0,
      "recall": 0.0,
      "f1": 0.0,
      "accuracy": 0.8961038961038961,
      "tp": 0,
      "fp": 1,
      "tn": 69,
      "fn": 7
    },
    "C4": {
      "precision": 0.0,
      "recall": 0.0,
      "f1": 0.0,
      "accuracy": 0.922077922077922,
      "tp": 0,
      "fp": 2,
      "tn": 71,
      "fn": 4
    },
    "C6": {
      "precision": 0.0,
      "recall": 0.0,
      "f1": 0.0,
      "accuracy": 0.987012987012987,
      "tp": 0,
      "fp": 1,
      "tn": 76,
      "fn": 0
    }
  }
}