{
  "failures": 0,
  "metrics": {
    "precision": 0.6521739130434783,
    "recall": 0.8823529411764706,
    "f1": 0.75,
    "accuracy": 0.8701298701298701,
    "tp": 15,
    "fp": 8,
    "tn": 52,
    "fn": 2
  }
}