{
  "failures": 0,
  "overall": {
    "macro_f1": 0.4825487012987013,
    "macro_accuracy": 0.8935064935064935
  },
  "per_label": {
    "C1": {
      "precision": 0.7777777777777778,
      "recall": 0.5675675675675675,
      "f1": 0.65625,
      "accuracy": 0.7142857142857143,
      "tp": 21,
      "fp": 6,
      "tn": 34,
      "fn": 16
    },
    "C2": {
      "precision": 0.8181818181818182,
      "recall": 0.5294117647058824,
      "f1": 0.6428571428571428,
      "accuracy": 0.8701298701298701,
      "tp": 9,
      "fp": 2,
      "tn": 58,
      "fn": 8
    },
    "C3": {
      "precision": 0.5,
      "recall": 0.2857142857142857,
      "f1": 0.36363636363636365,
      "accuracy": 0.9090909090909091,
      "tp": 2,
      "fp": 2,
      "tn": 68,
      "fn": 5
    },
    "C4": {
      "precision": 0.75,
      "recall": 0.75,
      "f1": 0.75,
      "accuracy": 0.974025974025974,
      "tp": 3,
      "fp": 1,
      "tn": 72,
      "fn": 1
    },
    "C6": {
      "precision": 0.0,
      "recall": 0.0,
      "f1": 0.0,
      "accuracy": 1.0,
      "tp": 0,
      "fp": 0,
      "tn": 77,
      "fn": 0
    }
  }
}