{
  "failures": 0,
  "overall": {
    "macro_f1": 0.5383150183150183,
    "macro_accuracy": 0.909090909090909
  },
  "per_label": {
    "C1": {
      "precision": 0.7878787878787878,
      "recall": 0.7027027027027027,
      "f1": 0.7428571428571429,
      "accuracy": 0.7662337662337663,
      "tp": 26,
      "fp": 7,
      "tn": 33,
      "fn": 11
    },
    "C2": {
      "precision": 0.7272727272727273,
      "recall": 0.9411764705882353,
      "f1": 0.8205128205128205,
      "accuracy": 0.9090909090909091,
      "tp": 16,
      "fp": 6,
      "tn": 54,
      "fn": 1
    },
    "C3": {
      "precision": 0.5,
      "recall": 0.42857142857142855,
      "f1": 0.4615384615384615,
      "accuracy": 0.9090909090909091,
      "tp": 3,
      "fp": 3,
      "tn": 67,
      "fn": 4
    },
    "C4": {
      "precision": 0.6,
      "recall": 0.75,
      "f1": 0.6666666666666665,
      "accuracy": 0.961038961038961,
      "tp": 3,
      "fp": 2,
      "tn": 71,
      "fn": 1
    },
    "C6": {
      "precision": 0.0,
      "recall": 0.0,
      "f1": 0.0,
      "accuracy": 1.0,
      "tp": 0,
      "fp": 0,
      "tn": 77,
      "fn": 0
    }
  }
}