{
  "failures": 0,
  "overall": {
    "macro_f1": 0.5002997002997003,
    "macro_accuracy": 0.8987012987012987
  },
  "per_label": {
    "C1": {
      "precision": 0.8695652173913043,
      "recall": 0.5405405405405406,
      "f1": 0.6666666666666666,
      "accuracy": 0.7402597402597403,
      "tp": 20,
      "fp": 3,
      "tn": 37,
      "fn": 17
    },
    "C2": {
      "precision": 0.6363636363636364,
      "recall": 0.8235294117647058,
      "f1": 0.717948717948718,
      "accuracy": 0.8571428571428571,
      "tp": 14,
      "fp": 8,
      "tn": 52,
      "fn": 3
    },
    "C3": {
      "precision": 0.75,
      "recall": 0.42857142857142855,
      "f1": 0.5454545454545454,
      "accuracy": 0.935064935064935,
      "tp": 3,
      "fp": 1,
      "tn": 69,
      "fn": 4
    },
    "C4": {
      "precision": 0.6666666666666666,
      "recall": 0.5,
      "f1": 0.5714285714285715,
      "accuracy": 0.961038961038961,
      "tp": 2,
      "fp": 1,
      "tn": 72,
      "fn": 2
    },
    "C6": {
      "precision": 0.0,
      "recall": 0.0,
      "f1": 0.0,
      "accuracy": 1.0,
      "tp": 0,
      "fp": 0,
      "tn": 77,
      "fn": 0
    }
  }
}