{
  "failures": 0,
  "overall": {
    "macro_f1": 0.6020952380952381,
    "macro_accuracy": 0.935064935064935
  },
  "per_label": {
    "C1": {
      "precision": 0.8421052631578947,
      "recall": 0.8648648648648649,
      "f1": 0.8533333333333334,
      "accuracy": 0.8571428571428571,
      "tp": 32,
      "fp": 6,
      "tn": 34,
      "fn": 5
    },
    "C2": {
      "precision": 0.7777777777777778,
      "recall": 0.8235294117647058,
      "f1": 0.7999999999999999,
      "accuracy": 0.9090909090909091,
      "tp": 14,
      "fp": 4,
      "tn": 56,
      "fn": 3
    },
    "C3": {
      "precision": 0.6,
      "recall": 0.42857142857142855,
      "f1": 0.5,
      "accuracy": 0.922077922077922,
      "tp": 3,
      "fp": 2,
      "tn": 68,
      "fn": 4
    },
    "C4": {
      "precision": 1.0,
      "recall": 0.75,
      "f1": 0.8571428571428571,
      "accuracy": 0.987012987012987,
      "tp": 3,
      "fp": 0,
      "tn": 73,
      "fn": 1
    },
    "C6": {
      "precision": 0.0,
      "recall": 0.0,
      "f1": 0.0,
      "accuracy": 1.0,
      "tp": 0,
      "fp": 0,
      "tn": 77,
      "fn": 0
    }
  }
}