{
  "failures": 0,
  "overall": {
    "macro_f1": 0.5557866184448462,
    "macro_accuracy": 0.9246753246753248
  },
  "per_label": {
    "C1": {
      "precision": 0.8333333333333334,
      "recall": 0.9459459459459459,
      "f1": 0.8860759493670887,
      "accuracy": 0.8831168831168831,
      "tp": 35,
      "fp": 7,
      "tn": 33,
      "fn": 2
    },
    "C2": {
      "precision": 0.7222222222222222,
      "recall": 0.7647058823529411,
      "f1": 0.7428571428571428,
      "accuracy": 0.8831168831168831,
      "tp": 13,
      "fp": 5,
      "tn": 55,
      "fn": 4
    },
    "C3": {
      "precision": 0.375,
      "recall": 0.42857142857142855,
      "f1": 0.39999999999999997,
      "accuracy": 0.8831168831168831,
      "tp": 3,
      "fp": 5,
      "tn": 65,
      "fn": 4
    },
    "C4": {
      "precision": 0.75,
      "recall": 0.75,
      "f1": 0.75,
      "accuracy": 0.974025974025974,
      "tp": 3,
      "fp": 1,
      "tn": 72,
      "fn": 1
    },
    "C6": {
      "precision": 0.0,
      "recall": 0.0,
      "f1": 0.0,
      "accuracy": 1.0,
      "tp": 0,
      "fp": 0,
      "tn": 77,
      "fn": 0
    }
  }
}