{
  "failures": 0,
  "metrics": {
    "precision": 0.3,
    "recall": 0.75,
    "f1": 0.4285714285714285,
    "accuracy": 0.8961038961038961,
    "tp": 3,
    "fp": 7,
    "tn": 66,
    "fn": 1
  }
}