{
  "failures": 0,
  "metrics": {
    "precision": 0.375,
    "recall": 0.42857142857142855,
    "f1": 0.39999999999999997,
    "accuracy": 0.8831168831168831,
    "tp": 3,
    "fp": 5,
    "tn": 65,
    "fn": 4
  }
}