{
  "failures": 0,
  "overall": {
    "macro_f1": 0.44931044188010133,
    "macro_accuracy": 0.8883116883116884
  },
  "per_label": {
    "C1": {
      "precision": 0.9,
      "recall": 0.4864864864864865,
      "f1": 0.631578947368421,
      "accuracy": 0.7272727272727273,
      "tp": 18,
      "fp": 2,
      "tn": 38,
      "fn": 19
    },
    "C2": {
      "precision": 0.7058823529411765,
      "recall": 0.7058823529411765,
      "f1": 0.7058823529411765,
      "accuracy": 0.8701298701298701,
      "tp": 12,
      "fp": 5,
      "tn": 55,
      "fn": 5
    },
    "C3": {
      "precision": 0.25,
      "recall": 0.14285714285714285,
      "f1": 0.18181818181818182,
      "accuracy": 0.8831168831168831,
      "tp": 1,
      "fp": 3,
      "tn": 67,
      "fn": 6
    },
    "C4": {
      "precision": 0.5714285714285714,
      "recall": 1.0,
      "f1": 0.7272727272727273,
      "accuracy": 0.961038961038961,
      "tp": 4,
      "fp": 3,
      "tn": 70,
      "fn": 0
    },
    "C6": {
      "precision": 0.0,
      "recall": 0.0,
      "f1": 0.0,
      "accuracy": 1.0,
      "tp": 0,
      "fp": 0,
      "tn": 77,
      "fn": 0
    }
  }
}