{
  "C1": {
    "precision": 0.8,
    "recall": 0.8590604026845637,
    "f1": 0.8284789644012946,
    "accuracy": 0.8626943005181347,
    "tp": 128,
    "fp": 32,
    "tn": 205,
    "fn": 21
  },
  "C2": {
    "precision": 0.8279569892473119,
    "recall": 0.8369565217391305,
    "f1": 0.8324324324324325,
    "accuracy": 0.9196891191709845,
    "tp": 77,
    "fp": 16,
    "tn": 278,
    "fn": 15
  },
  "C3": {
    "precision": 0.4583333333333333,
    "recall": 0.5789473684210527,
    "f1": 0.5116279069767442,
    "accuracy": 0.9455958549222798,
    "tp": 11,
    "fp": 13,
    "tn": 354,
    "fn": 8
  },
  "C4": {
    "precision": 0.7121212121212122,
    "recall": 0.9215686274509803,
    "f1": 0.8034188034188035,
    "accuracy": 0.9404145077720207,
    "tp": 47,
    "fp": 19,
    "tn": 316,
    "fn": 4
  },
  "C6": {
    "precision": 0.0,
    "recall": 0.0,
    "f1": 0.0,
    "accuracy": 0.9948186528497409,
    "tp": 0,
    "fp": 2,
    "tn": 384,
    "fn": 0
  }
}