{
  "failures": 0,
  "overall": {
    "macro_f1": 0.30817307692307694,
    "macro_accuracy": 0.8727272727272727
  },
  "per_label": {
    "C1": {
      "precision": 0.7777777777777778,
      "recall": 0.5675675675675675,
      "f1": 0.65625,
      "accuracy": 0.7142857142857143,
      "tp": 21,
      "fp": 6,
      "tn": 34,
      "fn": 16
    },
    "C2": {
      "precision": 0.6363636363636364,
      "recall": 0.8235294117647058,
      "f1": 0.717948717948718,
      "accuracy": 0.8571428571428571,
      "tp": 14,
      "fp": 8,
      "tn": 52,
      "fn": 3
    },
    "C3": {
      "precision": 0.2,
      "recall": 0.14285714285714285,
      "f1": 0.16666666666666666,
      "accuracy": 0.8701298701298701,
      "tp": 1,
      "fp": 4,
      "tn": 66,
      "fn": 6
    },
    "C4": {
      "precision": 0.0,
      "recall": 0.0,
      "f1": 0.0,
      "accuracy": 0.922077922077922,
      "tp": 0,
      "fp": 2,
      "tn": 71,
      "fn": 4
    },
    "C6": {
      "precision": 0.0,
      "recall": 0.0,
      "f1": 0.0,
      "accuracy": 1.0,
      "tp": 0,
      "fp": 0,
      "tn": 77,
      "fn": 0
    }
  }
}