{
  "C1": {
    "failures": 0,
    "metrics": {
      "precision": 0.7894736842105263,
      "recall": 0.8108108108108109,
      "f1": 0.8,
      "accuracy": 0.8051948051948052,
      "tp": 30,
      "fp": 8,
      "tn": 32,
      "fn": 7
    }
  },
  "C2": {
    "failures": 0,
    "metrics": {
      "precision": 0.6521739130434783,
      "recall": 0.8823529411764706,
      "f1": 0.75,
      "accuracy": 0.8701298701298701,
      "tp": 15,
      "fp": 8,
      "tn": 52,
      "fn": 2
    }
  },
  "C3": {
    "failures": 0,
    "metrics": {
      "precision": 0.375,
      "recall": 0.42857142857142855,
      "f1": 0.39999999999999997,
      "accuracy": 0.8831168831168831,
      "tp": 3,
      "fp": 5,
      "tn": 65,
      "fn": 4
    }
  },
  "C4": {
    "failures": 0,
    "metrics": {
      "precision": 0.3,
      "recall": 0.75,
      "f1": 0.4285714285714285,
      "accuracy": 0.8961038961038961,
      "tp": 3,
      "fp": 7,
      "tn": 66,
      "fn": 1
    }
  },
  "C6": {
    "failures": 0,
    "metrics": {
      "precision": 0.0,
      "recall": 0.0,
      "f1": 0.0,
      "accuracy": 0.987012987012987,
      "tp": 0,
      "fp": 1,
      "tn": 76,
      "fn": 0
    }
  }
}