{
  "failures": 0,
  "overall": {
    "macro_f1": 0.47451923076923075,
    "macro_accuracy": 0.8987012987012987
  },
  "per_label": {
    "C1": {
      "precision": 0.8518518518518519,
      "recall": 0.6216216216216216,
      "f1": 0.7187499999999999,
      "accuracy": 0.7662337662337663,
      "tp": 23,
      "fp": 4,
      "tn": 36,
      "fn": 14
    },
    "C2": {
      "precision": 0.7272727272727273,
      "recall": 0.9411764705882353,
      "f1": 0.8205128205128205,
      "accuracy": 0.9090909090909091,
      "tp": 16,
      "fp": 6,
      "tn": 54,
      "fn": 1
    },
    "C3": {
      "precision": 0.4,
      "recall": 0.2857142857142857,
      "f1": 0.3333333333333333,
      "accuracy": 0.8961038961038961,
      "tp": 2,
      "fp": 3,
      "tn": 67,
      "fn": 5
    },
    "C4": {
      "precision": 0.375,
      "recall": 0.75,
      "f1": 0.5,
      "accuracy": 0.922077922077922,
      "tp": 3,
      "fp": 5,
      "tn": 68,
      "fn": 1
    },
    "C6": {
      "precision": 0.0,
      "recall": 0.0,
      "f1": 0.0,
      "accuracy": 1.0,
      "tp": 0,
      "fp": 0,
      "tn": 77,
      "fn": 0
    }
  }
}