{
  "failures": 0,
  "overall": {
    "macro_f1": 0.5335220573576738,
    "macro_accuracy": 0.9194805194805195
  },
  "per_label": {
    "C1": {
      "precision": 0.8611111111111112,
      "recall": 0.8378378378378378,
      "f1": 0.8493150684931507,
      "accuracy": 0.8571428571428571,
      "tp": 31,
      "fp": 5,
      "tn": 35,
      "fn": 6
    },
    "C2": {
      "precision": 0.7,
      "recall": 0.8235294117647058,
      "f1": 0.7567567567567567,
      "accuracy": 0.8831168831168831,
      "tp": 14,
      "fp": 6,
      "tn": 54,
      "fn": 3
    },
    "C3": {
      "precision": 0.5,
      "recall": 0.42857142857142855,
      "f1": 0.4615384615384615,
      "accuracy": 0.9090909090909091,
      "tp": 3,
      "fp": 3,
      "tn": 67,
      "fn": 4
    },
    "C4": {
      "precision": 0.5,
      "recall": 0.75,
      "f1": 0.6,
      "accuracy": 0.948051948051948,
      "tp": 3,
      "fp": 3,
      "tn": 70,
      "fn": 1
    },
    "C6": {
      "precision": 0.0,
      "recall": 0.0,
      "f1": 0.0,
      "accuracy": 1.0,
      "tp": 0,
      "fp": 0,
      "tn": 77,
      "fn": 0
    }
  }
}