{
  "failures": 0,
  "overall": {
    "macro_f1": 0.48783804271609144,
    "macro_accuracy": 0.903896103896104
  },
  "per_label": {
    "C1": {
      "precision": 0.8285714285714286,
      "recall": 0.7837837837837838,
      "f1": 0.8055555555555555,
      "accuracy": 0.8181818181818182,
      "tp": 29,
      "fp": 6,
      "tn": 34,
      "fn": 8
    },
    "C2": {
      "precision": 0.6666666666666666,
      "recall": 0.9411764705882353,
      "f1": 0.7804878048780487,
      "accuracy": 0.8831168831168831,
      "tp": 16,
      "fp": 8,
      "tn": 52,
      "fn": 1
    },
    "C3": {
      "precision": 0.3333333333333333,
      "recall": 0.2857142857142857,
      "f1": 0.30769230769230765,
      "accuracy": 0.8831168831168831,
      "tp": 2,
      "fp": 4,
      "tn": 66,
      "fn": 5
    },
    "C4": {
      "precision": 0.42857142857142855,
      "recall": 0.75,
      "f1": 0.5454545454545454,
      "accuracy": 0.935064935064935,
      "tp": 3,
      "fp": 4,
      "tn": 69,
      "fn": 1
    },
    "C6": {
      "precision": 0.0,
      "recall": 0.0,
      "f1": 0.0,
      "accuracy": 1.0,
      "tp": 0,
      "fp": 0,
      "tn": 77,
      "fn": 0
    }
  }
}