{
  "failures": 0,
  "overall": {
    "macro_f1": 0.5515614236509758,
    "macro_accuracy": 0.9116883116883117
  },
  "per_label": {
    "C1": {
      "precision": 0.8333333333333334,
      "recall": 0.6756756756756757,
      "f1": 0.746268656716418,
      "accuracy": 0.7792207792207793,
      "tp": 25,
      "fp": 5,
      "tn": 35,
      "fn": 12
    },
    "C2": {
      "precision": 0.6956521739130435,
      "recall": 0.9411764705882353,
      "f1": 0.7999999999999999,
      "accuracy": 0.8961038961038961,
      "tp": 16,
      "fp": 7,
      "tn": 53,
      "fn": 1
    },
    "C3": {
      "precision": 0.5,
      "recall": 0.42857142857142855,
      "f1": 0.4615384615384615,
      "accuracy": 0.9090909090909091,
      "tp": 3,
      "fp": 3,
      "tn": 67,
      "fn": 4
    },
    "C4": {
      "precision": 0.75,
      "recall": 0.75,
      "f1": 0.75,
      "accuracy": 0.974025974025974,
      "tp": 3,
      "fp": 1,
      "tn": 72,
      "fn": 1
    },
    "C6": {
      "precision": 0.0,
      "recall": 0.0,
      "f1": 0.0,
      "accuracy": 1.0,
      "tp": 0,
      "fp": 0,
      "tn": 77,
      "fn": 0
    }
  }
}