{
  "failures": 0,
  "overall": {
    "macro_f1": 0.5176093849744132,
    "macro_accuracy": 0.9168831168831169
  },
  "per_label": {
    "C1": {
      "precision": 0.8611111111111112,
      "recall": 0.8378378378378378,
      "f1": 0.8493150684931507,
      "accuracy": 0.8571428571428571,
      "tp": 31,
      "fp": 5,
      "tn": 35,
      "fn": 6
    },
    "C2": {
      "precision": 0.7647058823529411,
      "recall": 0.7647058823529411,
      "f1": 0.7647058823529412,
      "accuracy": 0.8961038961038961,
      "tp": 13,
      "fp": 4,
      "tn": 56,
      "fn": 4
    },
    "C3": {
      "precision": 0.42857142857142855,
      "recall": 0.42857142857142855,
      "f1": 0.42857142857142855,
      "accuracy": 0.8961038961038961,
      "tp": 3,
      "fp": 4,
      "tn": 66,
      "fn": 4
    },
    "C4": {
      "precision": 0.42857142857142855,
      "recall": 0.75,
      "f1": 0.5454545454545454,
      "accuracy": 0.935064935064935,
      "tp": 3,
      "fp": 4,
      "tn": 69,
      "fn": 1
    },
    "C6": {
      "precision": 0.0,
      "recall": 0.0,
      "f1": 0.0,
      "accuracy": 1.0,
      "tp": 0,
      "fp": 0,
      "tn": 77,
      "fn": 0
    }
  }
}