{
  "failures": 0,
  "overall": {
    "macro_f1": 0.5500074128984432,
    "macro_accuracy": 0.909090909090909
  },
  "per_label": {
    "C1": {
      "precision": 0.7941176470588235,
      "recall": 0.7297297297297297,
      "f1": 0.7605633802816901,
      "accuracy": 0.7792207792207793,
      "tp": 27,
      "fp": 7,
      "tn": 33,
      "fn": 10
    },
    "C2": {
      "precision": 0.7142857142857143,
      "recall": 0.8823529411764706,
      "f1": 0.7894736842105262,
      "accuracy": 0.8961038961038961,
      "tp": 15,
      "fp": 6,
      "tn": 54,
      "fn": 2
    },
    "C3": {
      "precision": 0.5,
      "recall": 0.5714285714285714,
      "f1": 0.5333333333333333,
      "accuracy": 0.9090909090909091,
      "tp": 4,
      "fp": 4,
      "tn": 66,
      "fn": 3
    },
    "C4": {
      "precision": 0.6,
      "recall": 0.75,
      "f1": 0.6666666666666665,
      "accuracy": 0.961038961038961,
      "tp": 3,
      "fp": 2,
      "tn": 71,
      "fn": 1
    },
    "C6": {
      "precision": 0.0,
      "recall": 0.0,
      "f1": 0.0,
      "accuracy": 1.0,
      "tp": 0,
      "fp": 0,
      "tn": 77,
      "fn": 0
    }
  }
}