{
  "failures": 0,
  "overall": {
    "macro_f1": 0.02,
    "macro_accuracy": 0.7844155844155843
  },
  "per_label": {
    "C1": {
      "precision": 0.0,
      "recall": 0.0,
      "f1": 0.0,
      "accuracy": 0.5194805194805194,
      "tp": 0,
      "fp": 0,
      "tn": 40,
      "fn": 37
    },
    "C2": {
      "precision": 0.0,
      "recall": 0.0,
      "f1": 0.0,
      "accuracy": 0.7662337662337663,
      "tp": 0,
      "fp": 1,
      "tn": 59,
      "fn": 17
    },
    "C3": {
      "precision": 0.0,
      "recall": 0.0,
      "f1": 0.0,
      "accuracy": 0.8831168831168831,
      "tp": 0,
      "fp": 2,
      "tn": 68,
      "fn": 7
    },
    "C4": {
      "precision": 0.0625,
      "recall": 0.25,
      "f1": 0.1,
      "accuracy": 0.7662337662337663,
      "tp": 1,
      "fp": 15,
      "tn": 58,
      "fn": 3
    },
    "C6": {
      "precision": 0.0,
      "recall": 0.0,
      "f1": 0.0,
      "accuracy": 0.987012987012987,
      "tp": 0,
      "fp": 1,
      "tn": 76,
      "fn": 0
    }
  }
}