{
  "failures": 0,
  "overall": {
    "macro_f1": 0.4826406048312742,
    "macro_accuracy": 0.8883116883116884
  },
  "per_label": {
    "C1": {
      "precision": 0.8571428571428571,
      "recall": 0.4864864864864865,
      "f1": 0.6206896551724138,
      "accuracy": 0.7142857142857143,
      "tp": 18,
      "fp": 3,
      "tn": 37,
      "fn": 19
    },
    "C2": {
      "precision": 0.6470588235294118,
      "recall": 0.6470588235294118,
      "f1": 0.6470588235294118,
      "accuracy": 0.8441558441558441,
      "tp": 11,
      "fp": 6,
      "tn": 54,
      "fn": 6
    },
    "C3": {
      "precision": 1.0,
      "recall": 0.42857142857142855,
      "f1": 0.6,
      "accuracy": 0.948051948051948,
      "tp": 3,
      "fp": 0,
      "tn": 70,
      "fn": 4
    },
    "C4": {
      "precision": 0.42857142857142855,
      "recall": 0.75,
      "f1": 0.5454545454545454,
      "accuracy": 0.935064935064935,
      "tp": 3,
      "fp": 4,
      "tn": 69,
      "fn": 1
    },
    "C6": {
      "precision": 0.0,
      "recall": 0.0,
      "f1": 0.0,
      "accuracy": 1.0,
      "tp": 0,
      "fp": 0,
      "tn": 77,
      "fn": 0
    }
  }
}